{"cameraMode":{"drawMode":0,"name":"Shaded","section":"Shading Mode"},"sceneLighting":true,"audioPlay":false,"sceneViewState":{"m_AlwaysRefresh":false,"showFog":true,"showSkybox":true,"showFlares":true,"showImageEffects":true,"showParticleSystems":true,"showVisualEffectGraphs":true,"m_FxEnabled":true},"in2DMode":false,"pivot":{"x":-46.483482360839847,"y":19.4862003326416,"z":12.746018409729004},"rotation":{"x":0.09718933701515198,"y":0.6843892931938171,"z":-0.09317941218614578,"w":0.7165971398353577},"size":1.2597275972366334,"orthographic":false}