{"cameraMode":{"drawMode":0,"name":"Shaded","section":"Shading Mode"},"sceneLighting":true,"audioPlay":false,"sceneViewState":{"m_AlwaysRefresh":false,"showFog":true,"showSkybox":true,"showFlares":true,"showImageEffects":true,"showParticleSystems":true,"showVisualEffectGraphs":true,"m_FxEnabled":true},"in2DMode":false,"pivot":{"x":-41.96510696411133,"y":-17.44009780883789,"z":-39.284515380859378},"rotation":{"x":0.017002947628498079,"y":0.9764906764030457,"z":-0.19775111973285676,"w":0.08399199694395066},"size":34.233394622802737,"orthographic":false}