{"cameraMode":{"drawMode":0,"name":"Shaded","section":"Shading Mode"},"sceneLighting":true,"audioPlay":false,"sceneViewState":{"m_AlwaysRefresh":false,"showFog":true,"showSkybox":true,"showFlares":true,"showImageEffects":true,"showParticleSystems":true,"showVisualEffectGraphs":true,"m_FxEnabled":true},"in2DMode":false,"pivot":{"x":35.65568923950195,"y":56.833641052246097,"z":28.789569854736329},"rotation":{"x":0.15192726254463197,"y":0.6306371092796326,"z":-0.1277196705341339,"w":0.7502512335777283},"size":35.840362548828128,"orthographic":false}